[
  {
    "name": "Small Night In",
    "bands": [
      {
        "name": "Squint-281",
        "recordLabel": "Outerscope"
      },
      {
        "name": "Green Mild Cold Capsicum",
        "recordLabel": "Marner Sis. Recording"
      },
      {
        "name": "Yanke East",
        "recordLabel": "MEDIOCRE Music"
      },
      {
        "name": "The Black Dashes",
        "recordLabel": "Fourth Woman Records"
      },
      {
        "name": "Wild Antelope",
        "recordLabel": "Marner Sis. Recording"
      }
    ]
  },
  {
    "bands": [
      {
        "name": "Propeller",
        "recordLabel": "Pacific Records"
      },
      {
        "name": "Critter Girls",
        "recordLabel": "ACR"
      }
    ]
  },
  {
    "name": "Trainerella",
    "bands": [
      {
        "name": "YOUKRANE",
        "recordLabel": "Anti Records"
      },
      {
        "name": "Manish Ditch",
        "recordLabel": "ACR"
      },
      {
        "name": "Adrian Venti",
        "recordLabel": "Monocracy Records"
      },
      {
        "name": "Wild Antelope",
        "recordLabel": "Still Bottom Records"
      }
    ]
  }
]